DROP TABLE "ESSUSER"."PEOPLE";
DROP TABLE "ESSUSER"."CITY";
DROP TABLE "ESSUSER"."COMMENT";
DROP TABLE "ESSUSER"."BOOKING";
DROP TABLE "ESSUSER"."EVENT";
DROP TABLE "ESSUSER"."USERS";
DROP TABLE "ESSUSER"."PHOTOS";

CREATE TABLE "ESSUSER"."USERS"
(
   ID int PRIMARY KEY NOT NULL,
   FIRSTNAME varchar(255),
   LASTNAME varchar(255),
   CITY varchar(30),
   EMAIL varchar(255),
   CONTACT varchar(255),
   ROLE varchar(3),
   POSTCODE varchar(10),
   IMAGEID int,
   CREATEDATE timestamp DEFAULT CURRENT_TIMESTAMP,
   CREATEDBY int,
   LASTMODIFIED timestamp,
   MODIFIEDBY int,
   REMARKS varchar(255),
   PASSWORD varchar(512),
   SALT varchar(64)
)
;
CREATE UNIQUE INDEX SQL140406032541660 ON "ESSUSER"."USERS"(ID)
;

CREATE TABLE "ESSUSER"."PHOTOS"
(
   ID int PRIMARY KEY NOT NULL,
   IMAGE blob(4194304),
   CREATEDATE timestamp DEFAULT CURRENT_TIMESTAMP,
   CREATEDBY int,
   LASTMODIFIED timestamp,
   MODIFIEDBY int,
   REMARKS varchar(255)
)
;
CREATE UNIQUE INDEX SQL140406032541460 ON "ESSUSER"."PHOTOS"(ID)
;

CREATE TABLE "ESSUSER"."CITY"
(
   ID int PRIMARY KEY NOT NULL,
   CITYCODE varchar(4),
   CITYNAME varchar(30),
   POSTCODE varchar(10),
   COUNTRY varchar(30),
   CREATEDATE timestamp DEFAULT CURRENT_TIMESTAMP,
   CREATEDBY int,
   LASTMODIFIED timestamp,
   MODIFIEDBY int,
   REMARKS varchar(255)
)
;
CREATE UNIQUE INDEX SQL140406032541290 ON "ESSUSER"."CITY"(ID)
;

CREATE TABLE "ESSUSER"."COMMENT"
(
   ID int PRIMARY KEY NOT NULL,
   USERID int,
   EVENTID int,
   REVIEW varchar(1024),
   CREATEDATE timestamp DEFAULT CURRENT_TIMESTAMP,
   CREATEDBY int,
   LASTMODIFIED timestamp,
   MODIFIEDBY int,
   REMARKS varchar(255)
)
;
CREATE UNIQUE INDEX SQL140406032542040 ON "ESSUSER"."COMMENT"(ID)
;

CREATE TABLE "ESSUSER"."BOOKING"
(
   ID int PRIMARY KEY NOT NULL,
   USERID int,
   EVENTID int,
   CREATEDATE timestamp DEFAULT CURRENT_TIMESTAMP,
   CREATEDBY int,
   LASTMODIFIED timestamp,
   MODIFIEDBY int,
   REMARKS varchar(255)
)
;
CREATE UNIQUE INDEX SQL140406032542230 ON "ESSUSER"."BOOKING"(ID)
;

CREATE TABLE "ESSUSER"."EVENT"
(
   ID int PRIMARY KEY NOT NULL,
   TITLE varchar(255),
   DESCRIPTION varchar(1024),
   TAGLINE varchar(255),
   LOCATION varchar(255),
   CITY varchar(30),
   STARTDATE timestamp,
   PRICE varchar(10),
   USERID int,
   IMAGEID int,
   CREATEDATE timestamp DEFAULT CURRENT_TIMESTAMP,
   CREATEDBY int,
   LASTMODIFIED timestamp,
   MODIFIEDBY int,
   REMARKS varchar(255)
)
;
CREATE UNIQUE INDEX SQL140406032541860 ON "ESSUSER"."EVENT"(ID)
;

CREATE TABLE "ESSUSER"."PEOPLE"
(
   ID int PRIMARY KEY NOT NULL,
   FORENAMES varchar(10),
   SURNAME varchar(10)
)
;
CREATE UNIQUE INDEX SQL140406032540930 ON "ESSUSER"."PEOPLE"(ID)
;



INSERT INTO "ESSUSER"."USERS" (ID,FIRSTNAME,LASTNAME,CITY,EMAIL,CONTACT,ROLE,POSTCODE,IMAGEID,CREATEDATE,CREATEDBY,LASTMODIFIED,MODIFIEDBY,REMARKS,PASSWORD,SALT) VALUES (1,'Admin','Admin','BRI','admin@bristol.ac.uk','987654321','A','BS59JA',1,{ts '2014-04-02 22:26:53.618000'},1,{ts '2014-04-02 22:26:53.618000'},1,'s','603c185dbcf00fb58a13592a13f3a984260a4e3f','[B@6996d37a');
INSERT INTO "ESSUSER"."USERS" (ID,FIRSTNAME,LASTNAME,CITY,EMAIL,CONTACT,ROLE,POSTCODE,IMAGEID,CREATEDATE,CREATEDBY,LASTMODIFIED,MODIFIEDBY,REMARKS,PASSWORD,SALT) VALUES (2,'Demo','User','BRI','demo@bristol.ac.uk','987654321','U','BS59JA',2,{ts '2014-04-02 22:26:53.618000'},1,{ts '2014-04-02 22:26:53.618000'},1,'s','603c185dbcf00fb58a13592a13f3a984260a4e3f','[B@6996d37a');
INSERT INTO "ESSUSER"."USERS" (ID,FIRSTNAME,LASTNAME,CITY,EMAIL,CONTACT,ROLE,POSTCODE,IMAGEID,CREATEDATE,CREATEDBY,LASTMODIFIED,MODIFIEDBY,REMARKS,PASSWORD,SALT) VALUES (6,'Test Admin','','','testadmin@bris.ac.uk','888888888','A','BS59JA',74,{ts '2014-04-06 21:15:28.652000'},1,{ts '2014-04-06 21:15:28.652000'},1,null,'6d9bcadc471a758f8a7247b59fbdca0517f23c73','[B@196dbccb');
INSERT INTO "ESSUSER"."USERS" (ID,FIRSTNAME,LASTNAME,CITY,EMAIL,CONTACT,ROLE,POSTCODE,IMAGEID,CREATEDATE,CREATEDBY,LASTMODIFIED,MODIFIEDBY,REMARKS,PASSWORD,SALT) VALUES (7,'Test User','','','testuser@bris.ac.uk','5656565656','U','BSGYT6',75,{ts '2014-04-06 21:25:27.896000'},1,{ts '2014-04-06 21:25:27.896000'},1,null,'603c185dbcf00fb58a13592a13f3a984260a4e3f','[B@6996d37a');
INSERT INTO "ESSUSER"."USERS" (ID,FIRSTNAME,LASTNAME,CITY,EMAIL,CONTACT,ROLE,POSTCODE,IMAGEID,CREATEDATE,CREATEDBY,LASTMODIFIED,MODIFIEDBY,REMARKS,PASSWORD,SALT) VALUES (8,'Sample User','','','sampleuser@bris.ac.uk','66666666','U','TEST76',78,{ts '2014-04-07 21:16:14.346000'},1,{ts '2014-04-07 21:16:14.346000'},1,null,'70c094652bf339208b0a4541542fde3d3518653d','[B@75c50969');



INSERT INTO "ESSUSER"."BOOKING" (ID,USERID,EVENTID,CREATEDATE,CREATEDBY,LASTMODIFIED,MODIFIEDBY,REMARKS) VALUES (1,0,1,{ts '2014-04-06 08:53:18.572000'},1,{ts '2014-04-06 08:53:18.572000'},1,'');
INSERT INTO "ESSUSER"."BOOKING" (ID,USERID,EVENTID,CREATEDATE,CREATEDBY,LASTMODIFIED,MODIFIEDBY,REMARKS) VALUES (2,0,1,{ts '2014-04-06 09:03:30.607000'},1,{ts '2014-04-06 09:03:30.607000'},1,'');
INSERT INTO "ESSUSER"."BOOKING" (ID,USERID,EVENTID,CREATEDATE,CREATEDBY,LASTMODIFIED,MODIFIEDBY,REMARKS) VALUES (3,0,1,{ts '2014-04-06 09:05:41.200000'},1,{ts '2014-04-06 09:05:41.200000'},1,'');
INSERT INTO "ESSUSER"."BOOKING" (ID,USERID,EVENTID,CREATEDATE,CREATEDBY,LASTMODIFIED,MODIFIEDBY,REMARKS) VALUES (4,1,52,{ts '2014-04-06 09:15:50.330000'},1,{ts '2014-04-06 09:15:50.330000'},1,'');
INSERT INTO "ESSUSER"."BOOKING" (ID,USERID,EVENTID,CREATEDATE,CREATEDBY,LASTMODIFIED,MODIFIEDBY,REMARKS) VALUES (5,1,3,{ts '2014-04-06 09:15:55.700000'},1,{ts '2014-04-06 09:15:55.700000'},1,'');
INSERT INTO "ESSUSER"."BOOKING" (ID,USERID,EVENTID,CREATEDATE,CREATEDBY,LASTMODIFIED,MODIFIEDBY,REMARKS) VALUES (6,1,4,{ts '2014-04-06 09:16:20.683000'},1,{ts '2014-04-06 09:16:20.683000'},1,'');
INSERT INTO "ESSUSER"."BOOKING" (ID,USERID,EVENTID,CREATEDATE,CREATEDBY,LASTMODIFIED,MODIFIEDBY,REMARKS) VALUES (7,1,7,{ts '2014-04-06 09:18:09.150000'},1,{ts '2014-04-06 09:18:09.150000'},1,'');
INSERT INTO "ESSUSER"."BOOKING" (ID,USERID,EVENTID,CREATEDATE,CREATEDBY,LASTMODIFIED,MODIFIEDBY,REMARKS) VALUES (8,1,1,{ts '2014-04-06 09:18:28.122000'},1,{ts '2014-04-06 09:18:28.122000'},1,'');
INSERT INTO "ESSUSER"."BOOKING" (ID,USERID,EVENTID,CREATEDATE,CREATEDBY,LASTMODIFIED,MODIFIEDBY,REMARKS) VALUES (9,1,1,{ts '2014-04-06 09:18:36.653000'},1,{ts '2014-04-06 09:18:36.653000'},1,'');
INSERT INTO "ESSUSER"."BOOKING" (ID,USERID,EVENTID,CREATEDATE,CREATEDBY,LASTMODIFIED,MODIFIEDBY,REMARKS) VALUES (10,1,50,{ts '2014-04-06 09:35:48.833000'},1,{ts '2014-04-06 09:35:48.833000'},1,'');
INSERT INTO "ESSUSER"."BOOKING" (ID,USERID,EVENTID,CREATEDATE,CREATEDBY,LASTMODIFIED,MODIFIEDBY,REMARKS) VALUES (11,1,50,{ts '2014-04-06 09:36:19.729000'},1,{ts '2014-04-06 09:36:19.729000'},1,'');
INSERT INTO "ESSUSER"."BOOKING" (ID,USERID,EVENTID,CREATEDATE,CREATEDBY,LASTMODIFIED,MODIFIEDBY,REMARKS) VALUES (12,1,50,{ts '2014-04-06 09:36:37.795000'},1,{ts '2014-04-06 09:36:37.795000'},1,'');
INSERT INTO "ESSUSER"."BOOKING" (ID,USERID,EVENTID,CREATEDATE,CREATEDBY,LASTMODIFIED,MODIFIEDBY,REMARKS) VALUES (13,1,48,{ts '2014-04-06 09:38:56.561000'},1,{ts '2014-04-06 09:38:56.561000'},1,'');
INSERT INTO "ESSUSER"."BOOKING" (ID,USERID,EVENTID,CREATEDATE,CREATEDBY,LASTMODIFIED,MODIFIEDBY,REMARKS) VALUES (14,1,48,{ts '2014-04-06 09:39:09.668000'},1,{ts '2014-04-06 09:39:09.668000'},1,'');
INSERT INTO "ESSUSER"."BOOKING" (ID,USERID,EVENTID,CREATEDATE,CREATEDBY,LASTMODIFIED,MODIFIEDBY,REMARKS) VALUES (15,1,51,{ts '2014-04-06 09:40:40.770000'},1,{ts '2014-04-06 09:40:40.626000'},1,'');
INSERT INTO "ESSUSER"."BOOKING" (ID,USERID,EVENTID,CREATEDATE,CREATEDBY,LASTMODIFIED,MODIFIEDBY,REMARKS) VALUES (16,1,46,{ts '2014-04-06 09:43:08.400000'},1,{ts '2014-04-06 09:43:08.400000'},1,'');
INSERT INTO "ESSUSER"."BOOKING" (ID,USERID,EVENTID,CREATEDATE,CREATEDBY,LASTMODIFIED,MODIFIEDBY,REMARKS) VALUES (17,1,43,{ts '2014-04-06 09:44:02.971000'},1,{ts '2014-04-06 09:44:02.971000'},1,'');
INSERT INTO "ESSUSER"."BOOKING" (ID,USERID,EVENTID,CREATEDATE,CREATEDBY,LASTMODIFIED,MODIFIEDBY,REMARKS) VALUES (18,1,33,{ts '2014-04-06 09:48:08.638000'},1,{ts '2014-04-06 09:48:08.638000'},1,'');
INSERT INTO "ESSUSER"."BOOKING" (ID,USERID,EVENTID,CREATEDATE,CREATEDBY,LASTMODIFIED,MODIFIEDBY,REMARKS) VALUES (19,1,33,{ts '2014-04-06 09:48:19.823000'},1,{ts '2014-04-06 09:48:19.823000'},1,'');
INSERT INTO "ESSUSER"."BOOKING" (ID,USERID,EVENTID,CREATEDATE,CREATEDBY,LASTMODIFIED,MODIFIEDBY,REMARKS) VALUES (20,1,52,{ts '2014-04-06 09:50:51.427000'},1,{ts '2014-04-06 09:50:51.427000'},1,'');
INSERT INTO "ESSUSER"."BOOKING" (ID,USERID,EVENTID,CREATEDATE,CREATEDBY,LASTMODIFIED,MODIFIEDBY,REMARKS) VALUES (21,1,1,{ts '2014-04-06 09:51:52.745000'},1,{ts '2014-04-06 09:51:52.745000'},1,'');
INSERT INTO "ESSUSER"."BOOKING" (ID,USERID,EVENTID,CREATEDATE,CREATEDBY,LASTMODIFIED,MODIFIEDBY,REMARKS) VALUES (22,1,52,{ts '2014-04-06 09:58:57.300000'},1,{ts '2014-04-06 09:58:57.300000'},1,'');
INSERT INTO "ESSUSER"."BOOKING" (ID,USERID,EVENTID,CREATEDATE,CREATEDBY,LASTMODIFIED,MODIFIEDBY,REMARKS) VALUES (23,1,52,{ts '2014-04-06 09:59:01.767000'},1,{ts '2014-04-06 09:59:01.767000'},1,'');
INSERT INTO "ESSUSER"."BOOKING" (ID,USERID,EVENTID,CREATEDATE,CREATEDBY,LASTMODIFIED,MODIFIEDBY,REMARKS) VALUES (24,1,52,{ts '2014-04-06 10:01:46.260000'},1,{ts '2014-04-06 10:01:46.260000'},1,'');
INSERT INTO "ESSUSER"."BOOKING" (ID,USERID,EVENTID,CREATEDATE,CREATEDBY,LASTMODIFIED,MODIFIEDBY,REMARKS) VALUES (25,1,3,{ts '2014-04-06 10:02:03.931000'},1,{ts '2014-04-06 10:02:03.931000'},1,'');
INSERT INTO "ESSUSER"."BOOKING" (ID,USERID,EVENTID,CREATEDATE,CREATEDBY,LASTMODIFIED,MODIFIEDBY,REMARKS) VALUES (26,1,7,{ts '2014-04-06 10:02:29.910000'},1,{ts '2014-04-06 10:02:29.910000'},1,'');
INSERT INTO "ESSUSER"."BOOKING" (ID,USERID,EVENTID,CREATEDATE,CREATEDBY,LASTMODIFIED,MODIFIEDBY,REMARKS) VALUES (27,1,2,{ts '2014-04-06 10:03:15.632000'},1,{ts '2014-04-06 10:03:15.632000'},1,'');
INSERT INTO "ESSUSER"."BOOKING" (ID,USERID,EVENTID,CREATEDATE,CREATEDBY,LASTMODIFIED,MODIFIEDBY,REMARKS) VALUES (28,1,34,{ts '2014-04-06 10:06:13.411000'},1,{ts '2014-04-06 10:06:13.411000'},1,'');
INSERT INTO "ESSUSER"."BOOKING" (ID,USERID,EVENTID,CREATEDATE,CREATEDBY,LASTMODIFIED,MODIFIEDBY,REMARKS) VALUES (29,1,3,{ts '2014-04-06 12:26:39.493000'},1,{ts '2014-04-06 12:26:39.493000'},1,'');
INSERT INTO "ESSUSER"."BOOKING" (ID,USERID,EVENTID,CREATEDATE,CREATEDBY,LASTMODIFIED,MODIFIEDBY,REMARKS) VALUES (30,1,31,{ts '2014-04-06 14:27:27.982000'},1,{ts '2014-04-06 14:27:27.982000'},1,'');
INSERT INTO "ESSUSER"."BOOKING" (ID,USERID,EVENTID,CREATEDATE,CREATEDBY,LASTMODIFIED,MODIFIEDBY,REMARKS) VALUES (31,1,2,{ts '2014-04-06 14:28:24.590000'},1,{ts '2014-04-06 14:28:24.590000'},1,'');
INSERT INTO "ESSUSER"."BOOKING" (ID,USERID,EVENTID,CREATEDATE,CREATEDBY,LASTMODIFIED,MODIFIEDBY,REMARKS) VALUES (32,1,2,{ts '2014-04-06 14:33:16.451000'},1,{ts '2014-04-06 14:33:16.451000'},1,'');
INSERT INTO "ESSUSER"."BOOKING" (ID,USERID,EVENTID,CREATEDATE,CREATEDBY,LASTMODIFIED,MODIFIEDBY,REMARKS) VALUES (33,1,5,{ts '2014-04-06 15:42:45.421000'},1,{ts '2014-04-06 15:42:45.421000'},1,'');
INSERT INTO "ESSUSER"."BOOKING" (ID,USERID,EVENTID,CREATEDATE,CREATEDBY,LASTMODIFIED,MODIFIEDBY,REMARKS) VALUES (34,6,43,{ts '2014-04-07 19:36:54.882000'},6,{ts '2014-04-07 19:36:54.882000'},6,'');
INSERT INTO "ESSUSER"."BOOKING" (ID,USERID,EVENTID,CREATEDATE,CREATEDBY,LASTMODIFIED,MODIFIEDBY,REMARKS) VALUES (35,7,52,{ts '2014-04-07 19:39:12.354000'},7,{ts '2014-04-07 19:39:12.354000'},7,'');
INSERT INTO "ESSUSER"."BOOKING" (ID,USERID,EVENTID,CREATEDATE,CREATEDBY,LASTMODIFIED,MODIFIEDBY,REMARKS) VALUES (36,7,1,{ts '2014-04-07 19:42:28.240000'},7,{ts '2014-04-07 19:42:28.240000'},7,'');
INSERT INTO "ESSUSER"."BOOKING" (ID,USERID,EVENTID,CREATEDATE,CREATEDBY,LASTMODIFIED,MODIFIEDBY,REMARKS) VALUES (37,7,52,{ts '2014-04-07 19:42:34.124000'},7,{ts '2014-04-07 19:42:34.124000'},7,'');
INSERT INTO "ESSUSER"."BOOKING" (ID,USERID,EVENTID,CREATEDATE,CREATEDBY,LASTMODIFIED,MODIFIEDBY,REMARKS) VALUES (38,7,1,{ts '2014-04-07 19:44:33.821000'},7,{ts '2014-04-07 19:44:33.821000'},7,'');
INSERT INTO "ESSUSER"."BOOKING" (ID,USERID,EVENTID,CREATEDATE,CREATEDBY,LASTMODIFIED,MODIFIEDBY,REMARKS) VALUES (39,7,3,{ts '2014-04-07 19:44:41.400000'},7,{ts '2014-04-07 19:44:41.400000'},7,'');



INSERT INTO "ESSUSER"."CITY" (ID,CITYCODE,CITYNAME,POSTCODE,COUNTRY,CREATEDATE,CREATEDBY,LASTMODIFIED,MODIFIEDBY,REMARKS) VALUES (1,'BRI','Bristol','BS59JA','United Kingdom',{ts '2014-04-02 22:22:33.957000'},1,{ts '2014-04-02 22:22:33.957000'},1,'');
INSERT INTO "ESSUSER"."CITY" (ID,CITYCODE,CITYNAME,POSTCODE,COUNTRY,CREATEDATE,CREATEDBY,LASTMODIFIED,MODIFIEDBY,REMARKS) VALUES (2,'LON','London','LN59JA','United Kingdom',{ts '2014-04-02 22:22:33.957000'},1,{ts '2014-04-02 22:22:33.957000'},1,'');
INSERT INTO "ESSUSER"."CITY" (ID,CITYCODE,CITYNAME,POSTCODE,COUNTRY,CREATEDATE,CREATEDBY,LASTMODIFIED,MODIFIEDBY,REMARKS) VALUES (3,'MAN','Manchester','MN59JA','United Kingdom',{ts '2014-04-02 22:22:33.957000'},1,{ts '2014-04-02 22:22:33.957000'},1,'');
INSERT INTO "ESSUSER"."CITY" (ID,CITYCODE,CITYNAME,POSTCODE,COUNTRY,CREATEDATE,CREATEDBY,LASTMODIFIED,MODIFIEDBY,REMARKS) VALUES (4,'YOR','York','YR59JA','United Kingdom',{ts '2014-04-02 22:22:33.957000'},1,{ts '2014-04-02 22:22:33.957000'},1,'');
INSERT INTO "ESSUSER"."CITY" (ID,CITYCODE,CITYNAME,POSTCODE,COUNTRY,CREATEDATE,CREATEDBY,LASTMODIFIED,MODIFIEDBY,REMARKS) VALUES (5,'BIR','Birmingham','BI59JA','United Kingdom',{ts '2014-04-02 22:22:33.957000'},1,{ts '2014-04-02 22:22:33.957000'},1,'');
INSERT INTO "ESSUSER"."CITY" (ID,CITYCODE,CITYNAME,POSTCODE,COUNTRY,CREATEDATE,CREATEDBY,LASTMODIFIED,MODIFIEDBY,REMARKS) VALUES (6,'GLA','Glasgow','','United Kingdom',{ts '2014-04-02 22:22:33.957000'},1,{ts '2014-04-02 22:22:33.957000'},1,'');



INSERT INTO "ESSUSER"."COMMENT" (ID,USERID,EVENTID,REVIEW,CREATEDATE,CREATEDBY,LASTMODIFIED,MODIFIEDBY,REMARKS) VALUES (1,1,1,'"This is a good event. My friends like to attend it as well!"',{ts '2014-04-06 03:43:44.817000'},1,{ts '2014-04-06 03:43:44.817000'},1,'');
INSERT INTO "ESSUSER"."COMMENT" (ID,USERID,EVENTID,REVIEW,CREATEDATE,CREATEDBY,LASTMODIFIED,MODIFIEDBY,REMARKS) VALUES (2,1,1,'I love to raft on the river.',{ts '2014-04-06 03:53:18.762000'},1,{ts '2014-04-06 03:53:18.762000'},1,'');
INSERT INTO "ESSUSER"."COMMENT" (ID,USERID,EVENTID,REVIEW,CREATEDATE,CREATEDBY,LASTMODIFIED,MODIFIEDBY,REMARKS) VALUES (3,1,2,'I am attending this!',{ts '2014-04-06 03:56:59.161000'},1,{ts '2014-04-06 03:56:59.161000'},1,'');
INSERT INTO "ESSUSER"."COMMENT" (ID,USERID,EVENTID,REVIEW,CREATEDATE,CREATEDBY,LASTMODIFIED,MODIFIEDBY,REMARKS) VALUES (4,1,3,'Cycling is fun!',{ts '2014-04-06 03:59:37.123000'},1,{ts '2014-04-06 03:59:37.123000'},1,'');
INSERT INTO "ESSUSER"."COMMENT" (ID,USERID,EVENTID,REVIEW,CREATEDATE,CREATEDBY,LASTMODIFIED,MODIFIEDBY,REMARKS) VALUES (5,1,4,'Swimming is good for health!',{ts '2014-04-06 04:07:14.929000'},1,{ts '2014-04-06 04:07:14.929000'},1,'');
INSERT INTO "ESSUSER"."COMMENT" (ID,USERID,EVENTID,REVIEW,CREATEDATE,CREATEDBY,LASTMODIFIED,MODIFIEDBY,REMARKS) VALUES (6,1,54,'Sample comment',{ts '2014-04-06 09:04:53.264000'},1,{ts '2014-04-06 09:04:53.264000'},1,'');
INSERT INTO "ESSUSER"."COMMENT" (ID,USERID,EVENTID,REVIEW,CREATEDATE,CREATEDBY,LASTMODIFIED,MODIFIEDBY,REMARKS) VALUES (7,1,3,'You can post your review..',{ts '2014-04-06 12:26:36.570000'},1,{ts '2014-04-06 12:26:36.570000'},1,'');
INSERT INTO "ESSUSER"."COMMENT" (ID,USERID,EVENTID,REVIEW,CREATEDATE,CREATEDBY,LASTMODIFIED,MODIFIEDBY,REMARKS) VALUES (8,1,31,'Sample comment 19 .. These are all dynamically loaded from database :)',{ts '2014-04-06 14:27:58.765000'},1,{ts '2014-04-06 14:27:58.765000'},1,'');
INSERT INTO "ESSUSER"."COMMENT" (ID,USERID,EVENTID,REVIEW,CREATEDATE,CREATEDBY,LASTMODIFIED,MODIFIEDBY,REMARKS) VALUES (9,1,2,'I love this..',{ts '2014-04-06 14:28:21.779000'},1,{ts '2014-04-06 14:28:21.779000'},1,'');
INSERT INTO "ESSUSER"."COMMENT" (ID,USERID,EVENTID,REVIEW,CREATEDATE,CREATEDBY,LASTMODIFIED,MODIFIEDBY,REMARKS) VALUES (10,1,33,'You can post your review..',{ts '2014-04-06 14:33:07.294000'},1,{ts '2014-04-06 14:33:07.294000'},1,'');
INSERT INTO "ESSUSER"."COMMENT" (ID,USERID,EVENTID,REVIEW,CREATEDATE,CREATEDBY,LASTMODIFIED,MODIFIEDBY,REMARKS) VALUES (11,1,54,'You can post your review..',{ts '2014-04-06 14:33:12.304000'},1,{ts '2014-04-06 14:33:12.304000'},1,'');
INSERT INTO "ESSUSER"."COMMENT" (ID,USERID,EVENTID,REVIEW,CREATEDATE,CREATEDBY,LASTMODIFIED,MODIFIEDBY,REMARKS) VALUES (12,1,5,'Test',{ts '2014-04-07 19:18:23.550000'},1,{ts '2014-04-07 19:18:23.550000'},1,'');
INSERT INTO "ESSUSER"."COMMENT" (ID,USERID,EVENTID,REVIEW,CREATEDATE,CREATEDBY,LASTMODIFIED,MODIFIEDBY,REMARKS) VALUES (13,7,33,'This is test comment',{ts '2014-04-07 19:45:10.120000'},7,{ts '2014-04-07 19:45:10.120000'},7,'');



INSERT INTO "ESSUSER"."EVENT" (ID,TITLE,DESCRIPTION,TAGLINE,LOCATION,CITY,STARTDATE,PRICE,USERID,IMAGEID,CREATEDATE,CREATEDBY,LASTMODIFIED,MODIFIEDBY,REMARKS) VALUES (1,'River rafting','Rafting or white water rafting is the challenging recreational outdoor activity of using an inflatable raft to navigate a river or other bodies of water. This is often done on white water or different degrees of rough water, in order to thrill and excite the raft passengers. The development of this activity as a leisure sport has become popular since the mid-1970s, evolving from individuals paddling 10 feet (3.0 m) rafts with double-bladed paddles to multi-person rafts propelled by single-bladed paddles and steered by a tour guide at the stern. It is considered an extreme sport, and can be fatal.','This is an adventerous, event, sponsored by University of Bristol. Book now, first come first serve!','Bristol temple Meads Station','BRI',{ts '2014-05-30 13:00:00.0'},'50',1,1,{ts '2014-04-06 03:42:42.167000'},1,{ts '2014-04-06 03:42:42.167000'},1,'Previous experience required');
INSERT INTO "ESSUSER"."EVENT" (ID,TITLE,DESCRIPTION,TAGLINE,LOCATION,CITY,STARTDATE,PRICE,USERID,IMAGEID,CREATEDATE,CREATEDBY,LASTMODIFIED,MODIFIEDBY,REMARKS) VALUES (2,'Musical night','Jazz is a type of African-American music that originated in the late nineteenth and early twentieth century in the Southern United States as a combination of European harmony and forms with African musical elements such as blue notes, improvisation, polyrhythms, syncopation and the swung note. Jazz has also incorporated elements of American popular music.','Jazz Music at harborside with lovely food.','Harborside, opposite MShed','BRI',{ts '2014-04-30 04:52:00.0'},'20',1,2,{ts '2014-04-06 03:56:33.223000'},1,{ts '2014-04-06 03:56:33.223000'},1,'Enjoy American Jazz!');
INSERT INTO "ESSUSER"."EVENT" (ID,TITLE,DESCRIPTION,TAGLINE,LOCATION,CITY,STARTDATE,PRICE,USERID,IMAGEID,CREATEDATE,CREATEDBY,LASTMODIFIED,MODIFIEDBY,REMARKS) VALUES (3,'Cycling','Cycling is widely regarded as a very effective and efficient mode of transportation optimal for short to moderate distances. Bicycles provide numerous benefits by comparison with motor vehicles, including the sustained physical exercise necessarily involved in cycling, that cycling involves a reduced consumption of fossil fuels, less air or noise pollution, much reduced traffic congestion, easier parking, greater maneuverability, and access to both roads and paths. The advantages also include reduced financial cost to the user as well as to society at large (negligible damage to roads, less road area required).(Source: wikipedia.org)','This event is organised by University of Bristol!','UOB, Bristol','BRI',{ts '2014-05-14 04:56:00.0'},'2',1,3,{ts '2014-04-06 03:59:20.768000'},1,{ts '2014-04-06 03:59:20.768000'},1,'We provide all the energy drinks for your cycling.');
INSERT INTO "ESSUSER"."EVENT" (ID,TITLE,DESCRIPTION,TAGLINE,LOCATION,CITY,STARTDATE,PRICE,USERID,IMAGEID,CREATEDATE,CREATEDBY,LASTMODIFIED,MODIFIEDBY,REMARKS) VALUES (4,'Swimming competition','The sport of swimming has been recorded since prehistoric times; the earliest recording of swimming dates back to Stone Age paintings from around 7,000 years ago. Written references date from 2000 BC. Some of the earliest references to swimming include the Gilgamesh, the Iliad, the Odyssey, the Bible, Beowulf, The Holy Quran along with others. In 1538, Nikolaus Wynmann, a German professor of languages, wrote the first swimming book, The Swimmer or A Dialogue on the Art of Swimming (Der Schwimmer oder ein Zweigespräch über die Schwimmkunst).','Do you <strong>love</strong> swimming? Then this event is for you. Free entry! Win upto 500 GBP!','Easton Leisure Centre','BRI',{ts '2014-05-11 09:00:00.0'},'10',1,4,{ts '2014-04-06 04:02:23.312000'},1,{ts '2014-04-06 04:02:23.312000'},1,'Swimming is a great activity that can be continued for a whole lifetime.');
INSERT INTO "ESSUSER"."EVENT" (ID,TITLE,DESCRIPTION,TAGLINE,LOCATION,CITY,STARTDATE,PRICE,USERID,IMAGEID,CREATEDATE,CREATEDBY,LASTMODIFIED,MODIFIEDBY,REMARKS) VALUES (5,'UOB Hackathon','In the computer security context, a hacker is someone who seeks and exploits weaknesses in a computer system or computer network. Hackers may be motivated by a multitude of reasons, such as profit, protest, or challenge.[1] The subculture that has evolved around hackers is often referred to as the computer underground and is now a known community.[2] While other uses of the word hacker exist that are not related to computer security, such as referring to someone with an advanced understanding of computers and computer networks, they are rarely used in mainstream context.','Hack for good! Ethical hackers, welcome..','MVB 1.07, University of Bristol','BRI',{ts '2014-04-29 05:30:00.0'},'1',1,8,{ts '2014-04-06 04:32:12.800000'},1,{ts '2014-04-06 04:32:12.800000'},1,'Free food and coffee!');
INSERT INTO "ESSUSER"."EVENT" (ID,TITLE,DESCRIPTION,TAGLINE,LOCATION,CITY,STARTDATE,PRICE,USERID,IMAGEID,CREATEDATE,CREATEDBY,LASTMODIFIED,MODIFIEDBY,REMARKS) VALUES (6,'Code for good','In the computer security context, a hacker is someone who seeks and exploits weaknesses in a computer system or computer network. Hackers may be motivated by a multitude of reasons, such as profit, protest, or challenge.[1] The subculture that has evolved around hackers is often referred to as the computer underground and is now a known community.[2] While other uses of the word hacker exist that are not related to computer security, such as referring to someone with an advanced understanding of computers and computer networks, they are rarely used in mainstream context.','Code for good! Ethical hackers, welcome..','Clifton down','BRI',{ts '2014-04-30 07:00:00.0'},'7',1,16,{ts '2014-04-06 04:34:05.650000'},1,{ts '2014-04-06 06:37:21.587000'},1,'Free food and coffee!');
INSERT INTO "ESSUSER"."EVENT" (ID,TITLE,DESCRIPTION,TAGLINE,LOCATION,CITY,STARTDATE,PRICE,USERID,IMAGEID,CREATEDATE,CREATEDBY,LASTMODIFIED,MODIFIEDBY,REMARKS) VALUES (7,'Dance Festival','Dance is a type of art that generally involves movement of the body, often rhythmic and to music. It is performed in many cultures as a form of emotional expression, social interaction, or exercise, in a spiritual or performance setting, and is sometimes used to express ideas or tell a story. Dance may also be regarded as a form of nonverbal communication between humans or other animals, as in bee dances and behaviour patterns such as a mating dances.','Dancing to life!','Dance hub, City center','BRI',{ts '2014-05-29 07:37:00.0'},'200',1,17,{ts '2014-04-06 04:34:36.813000'},1,{ts '2014-04-06 06:39:29.448000'},1,'Dance for life..');
INSERT INTO "ESSUSER"."EVENT" (ID,TITLE,DESCRIPTION,TAGLINE,LOCATION,CITY,STARTDATE,PRICE,USERID,IMAGEID,CREATEDATE,CREATEDBY,LASTMODIFIED,MODIFIEDBY,REMARKS) VALUES (8,'Water sports','Skurfing is a surface water sport in which the participant is towed on a surfboard, behind a boat, with a ski rope. Skurfing is highly popular in the state of W.A in Australia and in many other places in the world. Skurfing is not a professional sport and has no competitions; it is a freestyle sport with highly individualistic style and form. It may be considered the precursor to wakeboarding.','Adventurous event sponsored by UOL','Paddington street','LON',{ts '2014-06-27 07:58:00.0'},'5',1,18,{ts '2014-04-06 07:01:06.165000'},1,{ts '2014-04-06 07:01:06.165000'},1,'Surface water sport');
INSERT INTO "ESSUSER"."EVENT" (ID,TITLE,DESCRIPTION,TAGLINE,LOCATION,CITY,STARTDATE,PRICE,USERID,IMAGEID,CREATEDATE,CREATEDBY,LASTMODIFIED,MODIFIEDBY,REMARKS) VALUES (9,'Salsa Music','Salsa music is a general term referring to what is essentially Cuban and Puerto Rican popular dance music. The term "Salsa" was initially promoted and marketed in New York City during the 1970s. The various musical genres comprising salsa include the Cuban son montuno, guaracha, chachachá, mambo, and to a certain extent bolero. Salsa is the product of genres such as the Puerto Rican bomba and plena.','Learn to dance for Salsa ','Central square','LON',{ts '2014-05-15 08:01:00.0'},'7',1,19,{ts '2014-04-06 07:02:44.306000'},1,{ts '2014-04-06 07:02:44.306000'},1,'You don''t need to know how to dance, you just need a dance partner!');
INSERT INTO "ESSUSER"."EVENT" (ID,TITLE,DESCRIPTION,TAGLINE,LOCATION,CITY,STARTDATE,PRICE,USERID,IMAGEID,CREATEDATE,CREATEDBY,LASTMODIFIED,MODIFIEDBY,REMARKS) VALUES (10,'Canoeing','Canoeing is a paddle sport in which you kneel or sit facing forward in an open or closed-decked canoe, and propel yourself with a single-bladed paddle, under your own power. Kayaking is a comparable activity in a kayak which usually has a closed deck and is propelled with a double bladed paddle. In a kayak the paddler typically sits with legs extended forward.','Row! Row! until the sun bows!','Canal Island','LON',{ts '2014-06-19 08:02:00.0'},'5',1,20,{ts '2014-04-06 07:04:16.912000'},1,{ts '2014-04-06 07:04:16.912000'},1,'Rowing and Canoeing go together!');
INSERT INTO "ESSUSER"."EVENT" (ID,TITLE,DESCRIPTION,TAGLINE,LOCATION,CITY,STARTDATE,PRICE,USERID,IMAGEID,CREATEDATE,CREATEDBY,LASTMODIFIED,MODIFIEDBY,REMARKS) VALUES (11,'Marathon','The marathon is a long-distance running event with an official distance of 42.195 kilometres (26 miles and 385 yards),[1] that is usually run as a road race. The event was instituted in commemoration of the fabled run of the Greek soldier Pheidippides, a messenger from the Battle of Marathon to Athens.','Run for a cause','Streets of London','LON',{ts '2014-07-17 08:04:00.0'},'4',1,21,{ts '2014-04-06 07:06:11.555000'},1,{ts '2014-04-06 07:06:11.555000'},1,'Run for a good cause');
INSERT INTO "ESSUSER"."EVENT" (ID,TITLE,DESCRIPTION,TAGLINE,LOCATION,CITY,STARTDATE,PRICE,USERID,IMAGEID,CREATEDATE,CREATEDBY,LASTMODIFIED,MODIFIEDBY,REMARKS) VALUES (12,'London App-athon!','The Code for Good program aims to solve social problems through software. It''s a collaboration between the Corporate Affairs Group and the Software and Services Group at Intel, led by Josh Bancroft and Renee Wittemyer. Intel''s mission this decade is to "create and extend computing technology to connect and enrich the lives of every person on earth". Code for Good aims to put that mission into action.','App &amp; Software! Show your appability!','Intel head office','LON',{ts '2014-06-30 13:59:00.0'},'45',1,24,{ts '2014-04-06 07:08:50.849000'},1,{ts '2014-04-06 07:11:06.742000'},1,'Show your ability');
INSERT INTO "ESSUSER"."EVENT" (ID,TITLE,DESCRIPTION,TAGLINE,LOCATION,CITY,STARTDATE,PRICE,USERID,IMAGEID,CREATEDATE,CREATEDBY,LASTMODIFIED,MODIFIEDBY,REMARKS) VALUES (13,'Sample Event Title 1','Lorem Ipsum is simply dummy text of the printing and typesetting industry. Lorem Ipsum has been the industry''s standard dummy text ever since the 1500s, when an unknown printer took a galley of type and scrambled it to make a type specimen book. It has survived not only five centuries, but also the leap into electronic typesetting, remaining essentially unchanged. It was popularised in the 1960s with the release of Letraset sheets containing Lorem Ipsum passages, and more recently with desktop publishing software like Aldus PageMaker including versions of Lorem Ipsum.','Sample Event Tagline 1','Sample event location 1','LON',{ts '2014-05-15 08:25:00.0'},'22',1,28,{ts '2014-04-06 07:29:33.715000'},1,{ts '2014-04-06 07:29:33.715000'},1,'Sample event remarks 1');
INSERT INTO "ESSUSER"."EVENT" (ID,TITLE,DESCRIPTION,TAGLINE,LOCATION,CITY,STARTDATE,PRICE,USERID,IMAGEID,CREATEDATE,CREATEDBY,LASTMODIFIED,MODIFIEDBY,REMARKS) VALUES (14,'Sample Event Title 2','Lorem Ipsum is simply dummy text of the printing and typesetting industry. Lorem Ipsum has been the industry''s standard dummy text ever since the 1500s, when an unknown printer took a galley of type and scrambled it to make a type specimen book. It has survived not only five centuries, but also the leap into electronic typesetting, remaining essentially unchanged. It was popularised in the 1960s with the release of Letraset sheets containing Lorem Ipsum passages, and more recently with desktop publishing software like Aldus PageMaker including versions of Lorem Ipsum.','Sample Event Tagline 2','Sample event location 2','LON',{ts '2014-05-28 12:29:00.0'},'42',1,29,{ts '2014-04-06 07:30:23.364000'},1,{ts '2014-04-06 07:30:23.364000'},1,'Sample event remarks 2');
INSERT INTO "ESSUSER"."EVENT" (ID,TITLE,DESCRIPTION,TAGLINE,LOCATION,CITY,STARTDATE,PRICE,USERID,IMAGEID,CREATEDATE,CREATEDBY,LASTMODIFIED,MODIFIEDBY,REMARKS) VALUES (15,'Sample Event Title 3','In the computer security context, a hacker is someone who seeks and exploits weaknesses in a computer system or computer network. Hackers may be motivated by a multitude of reasons, such as profit, protest, or challenge.[1] The subculture that has evolved around hackers is often referred to as the computer underground and is now a known community.[2] While other uses of the word hacker exist that are not related to computer security, such as referring to someone with an advanced understanding of computers and computer networks, they are rarely used in mainstream context.','Sample Event Tagline 3','Sample event location 3','LON',{ts '2014-06-20 08:30:00.0'},'54',1,30,{ts '2014-04-06 07:31:00.420000'},1,{ts '2014-04-06 07:31:00.420000'},1,'Sample event remarks 3');
INSERT INTO "ESSUSER"."EVENT" (ID,TITLE,DESCRIPTION,TAGLINE,LOCATION,CITY,STARTDATE,PRICE,USERID,IMAGEID,CREATEDATE,CREATEDBY,LASTMODIFIED,MODIFIEDBY,REMARKS) VALUES (16,'Sample Event Title 4','Lorem Ipsum is simply dummy text of the printing and typesetting industry. Lorem Ipsum has been the industry''s standard dummy text ever since the 1500s, when an unknown printer took a galley of type and scrambled it to make a type specimen book. It has survived not only five centuries, but also the leap into electronic typesetting, remaining essentially unchanged. It was popularised in the 1960s with the release of Letraset sheets containing Lorem Ipsum passages, and more recently with desktop publishing software like Aldus PageMaker including versions of Lorem Ipsum.','Sample Event Tagline 4','Sample event location 4','LON',{ts '2014-06-20 11:31:00.0'},'5',1,31,{ts '2014-04-06 07:31:38.222000'},1,{ts '2014-04-06 07:31:38.222000'},1,'Sample event remarks 4');
INSERT INTO "ESSUSER"."EVENT" (ID,TITLE,DESCRIPTION,TAGLINE,LOCATION,CITY,STARTDATE,PRICE,USERID,IMAGEID,CREATEDATE,CREATEDBY,LASTMODIFIED,MODIFIEDBY,REMARKS) VALUES (17,'Sample Event Title 5','Lorem Ipsum is simply dummy text of the printing and typesetting industry. Lorem Ipsum has been the industry''s standard dummy text ever since the 1500s, when an unknown printer took a galley of type and scrambled it to make a type specimen book. It has survived not only five centuries, but also the leap into electronic typesetting, remaining essentially unchanged. It was popularised in the 1960s with the release of Letraset sheets containing Lorem Ipsum passages, and more recently with desktop publishing software like Aldus PageMaker including versions of Lorem Ipsum.','Sample Event Tagline 5','Sample event location 5','MAN',{ts '2014-06-20 11:31:00.0'},'5',1,32,{ts '2014-04-06 07:32:35.202000'},1,{ts '2014-04-06 07:32:35.202000'},1,'Sample event remarks 5');
INSERT INTO "ESSUSER"."EVENT" (ID,TITLE,DESCRIPTION,TAGLINE,LOCATION,CITY,STARTDATE,PRICE,USERID,IMAGEID,CREATEDATE,CREATEDBY,LASTMODIFIED,MODIFIEDBY,REMARKS) VALUES (18,'Sample Event Title 6','Lorem Ipsum is simply dummy text of the printing and typesetting industry. Lorem Ipsum has been the industry''s standard dummy text ever since the 1500s, when an unknown printer took a galley of type and scrambled it to make a type specimen book. It has survived not only five centuries, but also the leap into electronic typesetting, remaining essentially unchanged. It was popularised in the 1960s with the release of Letraset sheets containing Lorem Ipsum passages, and more recently with desktop publishing software like Aldus PageMaker including versions of Lorem Ipsum.','Sample Event Tagline 6','Sample event location 6','MAN',{ts '2014-07-22 08:31:00.0'},'6',1,33,{ts '2014-04-06 07:33:05.713000'},1,{ts '2014-04-06 07:33:05.713000'},1,'Sample event remarks 6');
INSERT INTO "ESSUSER"."EVENT" (ID,TITLE,DESCRIPTION,TAGLINE,LOCATION,CITY,STARTDATE,PRICE,USERID,IMAGEID,CREATEDATE,CREATEDBY,LASTMODIFIED,MODIFIEDBY,REMARKS) VALUES (19,'Sample Event Title 7','Lorem Ipsum is simply dummy text of the printing and typesetting industry. Lorem Ipsum has been the industry''s standard dummy text ever since the 1500s, when an unknown printer took a galley of type and scrambled it to make a type specimen book. It has survived not only five centuries, but also the leap into electronic typesetting, remaining essentially unchanged. It was popularised in the 1960s with the release of Letraset sheets containing Lorem Ipsum passages, and more recently with desktop publishing software like Aldus PageMaker including versions of Lorem Ipsum.','Sample Event Tagline 7','Sample event location 7','MAN',{ts '2014-10-29 12:31:00.0'},'7',1,34,{ts '2014-04-06 07:33:33.873000'},1,{ts '2014-04-06 07:33:33.873000'},1,'Sample event remarks 7');
INSERT INTO "ESSUSER"."EVENT" (ID,TITLE,DESCRIPTION,TAGLINE,LOCATION,CITY,STARTDATE,PRICE,USERID,IMAGEID,CREATEDATE,CREATEDBY,LASTMODIFIED,MODIFIEDBY,REMARKS) VALUES (20,'Sample Event Title 8','Lorem Ipsum is simply dummy text of the printing and typesetting industry. Lorem Ipsum has been the industry''s standard dummy text ever since the 1500s, when an unknown printer took a galley of type and scrambled it to make a type specimen book. It has survived not only five centuries, but also the leap into electronic typesetting, remaining essentially unchanged. It was popularised in the 1960s with the release of Letraset sheets containing Lorem Ipsum passages, and more recently with desktop publishing software like Aldus PageMaker including versions of Lorem Ipsum.','Sample Event Tagline 8','Sample event location 8','MAN',{ts '2014-12-25 06:31:00.0'},'8',1,35,{ts '2014-04-06 07:34:17.808000'},1,{ts '2014-04-06 07:34:17.808000'},1,'Sample event remarks 8');
INSERT INTO "ESSUSER"."EVENT" (ID,TITLE,DESCRIPTION,TAGLINE,LOCATION,CITY,STARTDATE,PRICE,USERID,IMAGEID,CREATEDATE,CREATEDBY,LASTMODIFIED,MODIFIEDBY,REMARKS) VALUES (21,'Sample Event Title 9','Lorem Ipsum is simply dummy text of the printing and typesetting industry. Lorem Ipsum has been the industry''s standard dummy text ever since the 1500s, when an unknown printer took a galley of type and scrambled it to make a type specimen book. It has survived not only five centuries, but also the leap into electronic typesetting, remaining essentially unchanged. It was popularised in the 1960s with the release of Letraset sheets containing Lorem Ipsum passages, and more recently with desktop publishing software like Aldus PageMaker including versions of Lorem Ipsum.','Sample Event Tagline 9','Sample event location 9','MAN',{ts '2015-01-29 14:31:00.0'},'9',1,36,{ts '2014-04-06 07:34:45.470000'},1,{ts '2014-04-06 07:34:45.470000'},1,'Sample event remarks 9');
INSERT INTO "ESSUSER"."EVENT" (ID,TITLE,DESCRIPTION,TAGLINE,LOCATION,CITY,STARTDATE,PRICE,USERID,IMAGEID,CREATEDATE,CREATEDBY,LASTMODIFIED,MODIFIEDBY,REMARKS) VALUES (22,'Sample Event Title 10','Lorem Ipsum is simply dummy text of the printing and typesetting industry. Lorem Ipsum has been the industry''s standard dummy text ever since the 1500s, when an unknown printer took a galley of type and scrambled it to make a type specimen book. It has survived not only five centuries, but also the leap into electronic typesetting, remaining essentially unchanged. It was popularised in the 1960s with the release of Letraset sheets containing Lorem Ipsum passages, and more recently with desktop publishing software like Aldus PageMaker including versions of Lorem Ipsum.','Sample Event Tagline 10','Sample event location 10','MAN',{ts '2014-11-18 08:31:00.0'},'10',1,37,{ts '2014-04-06 07:35:09.955000'},1,{ts '2014-04-06 07:35:09.955000'},1,'Sample event remarks 10');
INSERT INTO "ESSUSER"."EVENT" (ID,TITLE,DESCRIPTION,TAGLINE,LOCATION,CITY,STARTDATE,PRICE,USERID,IMAGEID,CREATEDATE,CREATEDBY,LASTMODIFIED,MODIFIEDBY,REMARKS) VALUES (23,'Sample Event Title 11','Lorem Ipsum is simply dummy text of the printing and typesetting industry. Lorem Ipsum has been the industry''s standard dummy text ever since the 1500s, when an unknown printer took a galley of type and scrambled it to make a type specimen book. It has survived not only five centuries, but also the leap into electronic typesetting, remaining essentially unchanged. It was popularised in the 1960s with the release of Letraset sheets containing Lorem Ipsum passages, and more recently with desktop publishing software like Aldus PageMaker including versions of Lorem Ipsum.','Sample Event Tagline 11','Sample event location 11','MAN',{ts '2014-10-21 09:31:00.0'},'11',1,38,{ts '2014-04-06 07:35:34.320000'},1,{ts '2014-04-06 07:35:34.320000'},1,'Sample event remarks 11');
INSERT INTO "ESSUSER"."EVENT" (ID,TITLE,DESCRIPTION,TAGLINE,LOCATION,CITY,STARTDATE,PRICE,USERID,IMAGEID,CREATEDATE,CREATEDBY,LASTMODIFIED,MODIFIEDBY,REMARKS) VALUES (24,'Sample Event Title 12','Lorem Ipsum is simply dummy text of the printing and typesetting industry. Lorem Ipsum has been the industry''s standard dummy text ever since the 1500s, when an unknown printer took a galley of type and scrambled it to make a type specimen book. It has survived not only five centuries, but also the leap into electronic typesetting, remaining essentially unchanged. It was popularised in the 1960s with the release of Letraset sheets containing Lorem Ipsum passages, and more recently with desktop publishing software like Aldus PageMaker including versions of Lorem Ipsum.','Sample Event Tagline 12','Sample event location 12','MAN',{ts '2014-10-21 09:31:00.0'},'12',1,39,{ts '2014-04-06 07:35:48.889000'},1,{ts '2014-04-06 07:35:48.889000'},1,'Sample event remarks 12');
INSERT INTO "ESSUSER"."EVENT" (ID,TITLE,DESCRIPTION,TAGLINE,LOCATION,CITY,STARTDATE,PRICE,USERID,IMAGEID,CREATEDATE,CREATEDBY,LASTMODIFIED,MODIFIEDBY,REMARKS) VALUES (25,'Sample Event Title 13','Lorem Ipsum is simply dummy text of the printing and typesetting industry. Lorem Ipsum has been the industry''s standard dummy text ever since the 1500s, when an unknown printer took a galley of type and scrambled it to make a type specimen book. It has survived not only five centuries, but also the leap into electronic typesetting, remaining essentially unchanged. It was popularised in the 1960s with the release of Letraset sheets containing Lorem Ipsum passages, and more recently with desktop publishing software like Aldus PageMaker including versions of Lorem Ipsum.','Sample Event Tagline 13','Sample event location 13','MAN',{ts '2014-11-06 15:31:00.0'},'13',1,40,{ts '2014-04-06 07:37:28.147000'},1,{ts '2014-04-06 07:37:28.147000'},1,'Sample event remarks 13');
INSERT INTO "ESSUSER"."EVENT" (ID,TITLE,DESCRIPTION,TAGLINE,LOCATION,CITY,STARTDATE,PRICE,USERID,IMAGEID,CREATEDATE,CREATEDBY,LASTMODIFIED,MODIFIEDBY,REMARKS) VALUES (26,'Sample Event Title 14','Lorem Ipsum is simply dummy text of the printing and typesetting industry. Lorem Ipsum has been the industry''s standard dummy text ever since the 1500s, when an unknown printer took a galley of type and scrambled it to make a type specimen book. It has survived not only five centuries, but also the leap into electronic typesetting, remaining essentially unchanged. It was popularised in the 1960s with the release of Letraset sheets containing Lorem Ipsum passages, and more recently with desktop publishing software like Aldus PageMaker including versions of Lorem Ipsum.','Sample Event Tagline 14','Sample event location 14','YOR',{ts '2014-05-01 16:37:00.0'},'14',1,41,{ts '2014-04-06 07:39:25.450000'},1,{ts '2014-04-06 07:39:25.450000'},1,'Show your ability 14');
INSERT INTO "ESSUSER"."EVENT" (ID,TITLE,DESCRIPTION,TAGLINE,LOCATION,CITY,STARTDATE,PRICE,USERID,IMAGEID,CREATEDATE,CREATEDBY,LASTMODIFIED,MODIFIEDBY,REMARKS) VALUES (27,'Sample Event Title 15','Lorem Ipsum is simply dummy text of the printing and typesetting industry. Lorem Ipsum has been the industry''s standard dummy text ever since the 1500s, when an unknown printer took a galley of type and scrambled it to make a type specimen book. It has survived not only five centuries, but also the leap into electronic typesetting, remaining essentially unchanged. It was popularised in the 1960s with the release of Letraset sheets containing Lorem Ipsum passages, and more recently with desktop publishing software like Aldus PageMaker including versions of Lorem Ipsum.','Sample Event Tagline 15','Sample event location 15','YOR',{ts '2014-05-01 16:37:00.0'},'15',1,42,{ts '2014-04-06 07:39:46.770000'},1,{ts '2014-04-06 07:39:46.770000'},1,'Sample event remarks 15');
INSERT INTO "ESSUSER"."EVENT" (ID,TITLE,DESCRIPTION,TAGLINE,LOCATION,CITY,STARTDATE,PRICE,USERID,IMAGEID,CREATEDATE,CREATEDBY,LASTMODIFIED,MODIFIEDBY,REMARKS) VALUES (28,'Sample Event Title 16','Lorem Ipsum is simply dummy text of the printing and typesetting industry. Lorem Ipsum has been the industry''s standard dummy text ever since the 1500s, when an unknown printer took a galley of type and scrambled it to make a type specimen book. It has survived not only five centuries, but also the leap into electronic typesetting, remaining essentially unchanged. It was popularised in the 1960s with the release of Letraset sheets containing Lorem Ipsum passages, and more recently with desktop publishing software like Aldus PageMaker including versions of Lorem Ipsum.','Sample Event Tagline 16','Sample event location 16','YOR',{ts '2014-05-30 11:00:00.0'},'15',1,43,{ts '2014-04-06 07:40:13.182000'},1,{ts '2014-04-06 07:40:13.182000'},1,'Sample event remarks 16');
INSERT INTO "ESSUSER"."EVENT" (ID,TITLE,DESCRIPTION,TAGLINE,LOCATION,CITY,STARTDATE,PRICE,USERID,IMAGEID,CREATEDATE,CREATEDBY,LASTMODIFIED,MODIFIEDBY,REMARKS) VALUES (29,'Sample Event Title 17','Lorem Ipsum is simply dummy text of the printing and typesetting industry. Lorem Ipsum has been the industry''s standard dummy text ever since the 1500s, when an unknown printer took a galley of type and scrambled it to make a type specimen book. It has survived not only five centuries, but also the leap into electronic typesetting, remaining essentially unchanged. It was popularised in the 1960s with the release of Letraset sheets containing Lorem Ipsum passages, and more recently with desktop publishing software like Aldus PageMaker including versions of Lorem Ipsum.','Sample Event Tagline 17','Sample event location 17','YOR',{ts '2014-05-30 11:00:00.0'},'17',1,44,{ts '2014-04-06 07:40:35.838000'},1,{ts '2014-04-06 07:40:35.838000'},1,'Sample event remarks 17');
INSERT INTO "ESSUSER"."EVENT" (ID,TITLE,DESCRIPTION,TAGLINE,LOCATION,CITY,STARTDATE,PRICE,USERID,IMAGEID,CREATEDATE,CREATEDBY,LASTMODIFIED,MODIFIEDBY,REMARKS) VALUES (30,'Sample Event Title 18','Lorem Ipsum is simply dummy text of the printing and typesetting industry. Lorem Ipsum has been the industry''s standard dummy text ever since the 1500s, when an unknown printer took a galley of type and scrambled it to make a type specimen book. It has survived not only five centuries, but also the leap into electronic typesetting, remaining essentially unchanged. It was popularised in the 1960s with the release of Letraset sheets containing Lorem Ipsum passages, and more recently with desktop publishing software like Aldus PageMaker including versions of Lorem Ipsum.','Sample Event Tagline 18','Sample event location 18','YOR',{ts '2014-06-13 11:00:00.0'},'18',1,45,{ts '2014-04-06 07:41:04.662000'},1,{ts '2014-04-06 07:41:04.662000'},1,'Sample event remarks 18');
INSERT INTO "ESSUSER"."EVENT" (ID,TITLE,DESCRIPTION,TAGLINE,LOCATION,CITY,STARTDATE,PRICE,USERID,IMAGEID,CREATEDATE,CREATEDBY,LASTMODIFIED,MODIFIEDBY,REMARKS) VALUES (31,'Sample Event Title 19','Lorem Ipsum is simply dummy text of the printing and typesetting industry. Lorem Ipsum has been the industry''s standard dummy text ever since the 1500s, when an unknown printer took a galley of type and scrambled it to make a type specimen book. It has survived not only five centuries, but also the leap into electronic typesetting, remaining essentially unchanged. It was popularised in the 1960s with the release of Letraset sheets containing Lorem Ipsum passages, and more recently with desktop publishing software like Aldus PageMaker including versions of Lorem Ipsum.','Sample Event Tagline 19','Sample event location 19','YOR',{ts '2014-08-24 16:00:00.0'},'18',1,46,{ts '2014-04-06 07:41:25.370000'},1,{ts '2014-04-06 07:41:25.370000'},1,'Sample event remarks 19');
INSERT INTO "ESSUSER"."EVENT" (ID,TITLE,DESCRIPTION,TAGLINE,LOCATION,CITY,STARTDATE,PRICE,USERID,IMAGEID,CREATEDATE,CREATEDBY,LASTMODIFIED,MODIFIEDBY,REMARKS) VALUES (32,'Sample Event Title 20','Lorem Ipsum is simply dummy text of the printing and typesetting industry. Lorem Ipsum has been the industry''s standard dummy text ever since the 1500s, when an unknown printer took a galley of type and scrambled it to make a type specimen book. It has survived not only five centuries, but also the leap into electronic typesetting, remaining essentially unchanged. It was popularised in the 1960s with the release of Letraset sheets containing Lorem Ipsum passages, and more recently with desktop publishing software like Aldus PageMaker including versions of Lorem Ipsum.','Sample Event Tagline 20','Sample event location 20','YOR',{ts '2014-10-30 10:00:00.0'},'20',1,47,{ts '2014-04-06 07:41:49.116000'},1,{ts '2014-04-06 07:41:49.116000'},1,'Sample event remarks 20');
INSERT INTO "ESSUSER"."EVENT" (ID,TITLE,DESCRIPTION,TAGLINE,LOCATION,CITY,STARTDATE,PRICE,USERID,IMAGEID,CREATEDATE,CREATEDBY,LASTMODIFIED,MODIFIEDBY,REMARKS) VALUES (33,'Sample Event Title 22','Lorem Ipsum is simply dummy text of the printing and typesetting industry. Lorem Ipsum has been the industry''s standard dummy text ever since the 1500s, when an unknown printer took a galley of type and scrambled it to make a type specimen book. It has survived not only five centuries, but also the leap into electronic typesetting, remaining essentially unchanged. It was popularised in the 1960s with the release of Letraset sheets containing Lorem Ipsum passages, and more recently with desktop publishing software like Aldus PageMaker including versions of Lorem Ipsum.','Sample Event Tagline 22','Sample event location 22','YOR',{ts '2014-04-21 16:42:00.0'},'8',1,48,{ts '2014-04-06 07:43:28.935000'},1,{ts '2014-04-06 07:43:28.935000'},1,'Sample event remarks 22');
INSERT INTO "ESSUSER"."EVENT" (ID,TITLE,DESCRIPTION,TAGLINE,LOCATION,CITY,STARTDATE,PRICE,USERID,IMAGEID,CREATEDATE,CREATEDBY,LASTMODIFIED,MODIFIEDBY,REMARKS) VALUES (34,'Sample Event Title 23','Lorem Ipsum is simply dummy text of the printing and typesetting industry. Lorem Ipsum has been the industry''s standard dummy text ever since the 1500s, when an unknown printer took a galley of type and scrambled it to make a type specimen book. It has survived not only five centuries, but also the leap into electronic typesetting, remaining essentially unchanged. It was popularised in the 1960s with the release of Letraset sheets containing Lorem Ipsum passages, and more recently with desktop publishing software like Aldus PageMaker including versions of Lorem Ipsum.','Sample Event Tagline 23','Sample event location 23','BIR',{ts '2014-04-23 12:43:00.0'},'1',1,49,{ts '2014-04-06 07:44:00.510000'},1,{ts '2014-04-06 07:44:00.510000'},1,'Sample event remarks 23');
INSERT INTO "ESSUSER"."EVENT" (ID,TITLE,DESCRIPTION,TAGLINE,LOCATION,CITY,STARTDATE,PRICE,USERID,IMAGEID,CREATEDATE,CREATEDBY,LASTMODIFIED,MODIFIEDBY,REMARKS) VALUES (35,'Sample Event Title 24','Lorem Ipsum is simply dummy text of the printing and typesetting industry. Lorem Ipsum has been the industry''s standard dummy text ever since the 1500s, when an unknown printer took a galley of type and scrambled it to make a type specimen book. It has survived not only five centuries, but also the leap into electronic typesetting, remaining essentially unchanged. It was popularised in the 1960s with the release of Letraset sheets containing Lorem Ipsum passages, and more recently with desktop publishing software like Aldus PageMaker including versions of Lorem Ipsum.','Sample Event Tagline 24','Sample event location 24','BIR',{ts '2014-05-14 08:44:00.0'},'14',1,50,{ts '2014-04-06 07:44:42.181000'},1,{ts '2014-04-06 07:44:42.181000'},1,'Sample event remarks 24');
INSERT INTO "ESSUSER"."EVENT" (ID,TITLE,DESCRIPTION,TAGLINE,LOCATION,CITY,STARTDATE,PRICE,USERID,IMAGEID,CREATEDATE,CREATEDBY,LASTMODIFIED,MODIFIEDBY,REMARKS) VALUES (36,'Sample Event Title 25','Lorem Ipsum is simply dummy text of the printing and typesetting industry. Lorem Ipsum has been the industry''s standard dummy text ever since the 1500s, when an unknown printer took a galley of type and scrambled it to make a type specimen book. It has survived not only five centuries, but also the leap into electronic typesetting, remaining essentially unchanged. It was popularised in the 1960s with the release of Letraset sheets containing Lorem Ipsum passages, and more recently with desktop publishing software like Aldus PageMaker including versions of Lorem Ipsum.','Sample Event Tagline 25','Sample event location 25','BIR',{ts '2014-08-18 13:44:00.0'},'21',1,51,{ts '2014-04-06 07:45:18.261000'},1,{ts '2014-04-06 07:45:18.261000'},1,'Sample event remarks 25');
INSERT INTO "ESSUSER"."EVENT" (ID,TITLE,DESCRIPTION,TAGLINE,LOCATION,CITY,STARTDATE,PRICE,USERID,IMAGEID,CREATEDATE,CREATEDBY,LASTMODIFIED,MODIFIEDBY,REMARKS) VALUES (37,'Sample Event Title 26','Lorem Ipsum is simply dummy text of the printing and typesetting industry. Lorem Ipsum has been the industry''s standard dummy text ever since the 1500s, when an unknown printer took a galley of type and scrambled it to make a type specimen book. It has survived not only five centuries, but also the leap into electronic typesetting, remaining essentially unchanged. It was popularised in the 1960s with the release of Letraset sheets containing Lorem Ipsum passages, and more recently with desktop publishing software like Aldus PageMaker including versions of Lorem Ipsum.','Sample Event Tagline 26','Sample event location 26','BIR',{ts '2014-09-25 13:44:00.0'},'215',1,52,{ts '2014-04-06 07:45:54.927000'},1,{ts '2014-04-06 07:45:54.927000'},1,'Sample event remarks 26');
INSERT INTO "ESSUSER"."EVENT" (ID,TITLE,DESCRIPTION,TAGLINE,LOCATION,CITY,STARTDATE,PRICE,USERID,IMAGEID,CREATEDATE,CREATEDBY,LASTMODIFIED,MODIFIEDBY,REMARKS) VALUES (38,'Sample Event Title 27','Lorem Ipsum is simply dummy text of the printing and typesetting industry. Lorem Ipsum has been the industry''s standard dummy text ever since the 1500s, when an unknown printer took a galley of type and scrambled it to make a type specimen book. It has survived not only five centuries, but also the leap into electronic typesetting, remaining essentially unchanged. It was popularised in the 1960s with the release of Letraset sheets containing Lorem Ipsum passages, and more recently with desktop publishing software like Aldus PageMaker including versions of Lorem Ipsum.','Sample Event Tagline 27','Sample event location 27','BIR',{ts '2014-10-22 13:44:00.0'},'2',1,53,{ts '2014-04-06 07:46:14.804000'},1,{ts '2014-04-06 07:46:14.804000'},1,'Sample event remarks 27');
INSERT INTO "ESSUSER"."EVENT" (ID,TITLE,DESCRIPTION,TAGLINE,LOCATION,CITY,STARTDATE,PRICE,USERID,IMAGEID,CREATEDATE,CREATEDBY,LASTMODIFIED,MODIFIEDBY,REMARKS) VALUES (39,'Sample Event Title 28','Lorem Ipsum is simply dummy text of the printing and typesetting industry. Lorem Ipsum has been the industry''s standard dummy text ever since the 1500s, when an unknown printer took a galley of type and scrambled it to make a type specimen book. It has survived not only five centuries, but also the leap into electronic typesetting, remaining essentially unchanged. It was popularised in the 1960s with the release of Letraset sheets containing Lorem Ipsum passages, and more recently with desktop publishing software like Aldus PageMaker including versions of Lorem Ipsum.','Sample Event Tagline 28','Sample event location 28','BIR',{ts '2014-10-22 13:44:00.0'},'26',1,54,{ts '2014-04-06 07:46:32.955000'},1,{ts '2014-04-06 07:46:32.956000'},1,'Sample event remarks 28');
INSERT INTO "ESSUSER"."EVENT" (ID,TITLE,DESCRIPTION,TAGLINE,LOCATION,CITY,STARTDATE,PRICE,USERID,IMAGEID,CREATEDATE,CREATEDBY,LASTMODIFIED,MODIFIEDBY,REMARKS) VALUES (40,'Sample Event Title 29','Lorem Ipsum is simply dummy text of the printing and typesetting industry. Lorem Ipsum has been the industry''s standard dummy text ever since the 1500s, when an unknown printer took a galley of type and scrambled it to make a type specimen book. It has survived not only five centuries, but also the leap into electronic typesetting, remaining essentially unchanged. It was popularised in the 1960s with the release of Letraset sheets containing Lorem Ipsum passages, and more recently with desktop publishing software like Aldus PageMaker including versions of Lorem Ipsum.','Sample Event Tagline 29','Sample event location 29','BIR',{ts '2014-10-23 13:44:00.0'},'26',1,55,{ts '2014-04-06 07:46:50.464000'},1,{ts '2014-04-06 07:46:50.464000'},1,'Sample event remarks 29');
INSERT INTO "ESSUSER"."EVENT" (ID,TITLE,DESCRIPTION,TAGLINE,LOCATION,CITY,STARTDATE,PRICE,USERID,IMAGEID,CREATEDATE,CREATEDBY,LASTMODIFIED,MODIFIEDBY,REMARKS) VALUES (41,'Sample Event Title 30','Lorem Ipsum is simply dummy text of the printing and typesetting industry. Lorem Ipsum has been the industry''s standard dummy text ever since the 1500s, when an unknown printer took a galley of type and scrambled it to make a type specimen book. It has survived not only five centuries, but also the leap into electronic typesetting, remaining essentially unchanged. It was popularised in the 1960s with the release of Letraset sheets containing Lorem Ipsum passages, and more recently with desktop publishing software like Aldus PageMaker including versions of Lorem Ipsum.','Sample Event Tagline 30','Sample event location 30','BIR',{ts '2014-12-31 07:44:00.0'},'44',1,56,{ts '2014-04-06 07:47:14.884000'},1,{ts '2014-04-06 07:47:14.884000'},1,'Sample event remarks 30');
INSERT INTO "ESSUSER"."EVENT" (ID,TITLE,DESCRIPTION,TAGLINE,LOCATION,CITY,STARTDATE,PRICE,USERID,IMAGEID,CREATEDATE,CREATEDBY,LASTMODIFIED,MODIFIEDBY,REMARKS) VALUES (42,'Sample Event Title 31','Lorem Ipsum is simply dummy text of the printing and typesetting industry. Lorem Ipsum has been the industry''s standard dummy text ever since the 1500s, when an unknown printer took a galley of type and scrambled it to make a type specimen book. It has survived not only five centuries, but also the leap into electronic typesetting, remaining essentially unchanged. It was popularised in the 1960s with the release of Letraset sheets containing Lorem Ipsum passages, and more recently with desktop publishing software like Aldus PageMaker including versions of Lorem Ipsum.','Sample Event Tagline 31','Sample event location 31','BIR',{ts '2014-11-03 14:44:00.0'},'4',1,57,{ts '2014-04-06 07:47:37.308000'},1,{ts '2014-04-06 07:47:37.308000'},1,'Sample event remarks 31');
INSERT INTO "ESSUSER"."EVENT" (ID,TITLE,DESCRIPTION,TAGLINE,LOCATION,CITY,STARTDATE,PRICE,USERID,IMAGEID,CREATEDATE,CREATEDBY,LASTMODIFIED,MODIFIEDBY,REMARKS) VALUES (43,'Sample Event Title 32','Lorem Ipsum is simply dummy text of the printing and typesetting industry. Lorem Ipsum has been the industry''s standard dummy text ever since the 1500s, when an unknown printer took a galley of type and scrambled it to make a type specimen book. It has survived not only five centuries, but also the leap into electronic typesetting, remaining essentially unchanged. It was popularised in the 1960s with the release of Letraset sheets containing Lorem Ipsum passages, and more recently with desktop publishing software like Aldus PageMaker including versions of Lorem Ipsum.','Sample Event Tagline 32','Sample event location 32','GLA',{ts '2014-04-10 15:47:00.0'},'43',1,58,{ts '2014-04-06 07:48:20.311000'},1,{ts '2014-04-06 07:48:20.311000'},1,'Sample event remarks 32');
INSERT INTO "ESSUSER"."EVENT" (ID,TITLE,DESCRIPTION,TAGLINE,LOCATION,CITY,STARTDATE,PRICE,USERID,IMAGEID,CREATEDATE,CREATEDBY,LASTMODIFIED,MODIFIEDBY,REMARKS) VALUES (44,'Sample Event Title 33','Lorem Ipsum is simply dummy text of the printing and typesetting industry. Lorem Ipsum has been the industry''s standard dummy text ever since the 1500s, when an unknown printer took a galley of type and scrambled it to make a type specimen book. It has survived not only five centuries, but also the leap into electronic typesetting, remaining essentially unchanged. It was popularised in the 1960s with the release of Letraset sheets containing Lorem Ipsum passages, and more recently with desktop publishing software like Aldus PageMaker including versions of Lorem Ipsum.','Sample Event Tagline 33','Sample event location 33','GLA',{ts '2014-05-01 15:47:00.0'},'45',1,59,{ts '2014-04-06 07:48:44.976000'},1,{ts '2014-04-06 07:48:44.976000'},1,'Sample event remarks 33');
INSERT INTO "ESSUSER"."EVENT" (ID,TITLE,DESCRIPTION,TAGLINE,LOCATION,CITY,STARTDATE,PRICE,USERID,IMAGEID,CREATEDATE,CREATEDBY,LASTMODIFIED,MODIFIEDBY,REMARKS) VALUES (45,'Sample Event Title 34','Lorem Ipsum is simply dummy text of the printing and typesetting industry. Lorem Ipsum has been the industry''s standard dummy text ever since the 1500s, when an unknown printer took a galley of type and scrambled it to make a type specimen book. It has survived not only five centuries, but also the leap into electronic typesetting, remaining essentially unchanged. It was popularised in the 1960s with the release of Letraset sheets containing Lorem Ipsum passages, and more recently with desktop publishing software like Aldus PageMaker including versions of Lorem Ipsum.','Sample Event Tagline 34','Sample event location 34','GLA',{ts '2014-05-01 15:47:00.0'},'1',1,60,{ts '2014-04-06 07:49:03.661000'},1,{ts '2014-04-06 07:49:03.661000'},1,'Sample event remarks 34');
INSERT INTO "ESSUSER"."EVENT" (ID,TITLE,DESCRIPTION,TAGLINE,LOCATION,CITY,STARTDATE,PRICE,USERID,IMAGEID,CREATEDATE,CREATEDBY,LASTMODIFIED,MODIFIEDBY,REMARKS) VALUES (46,'Sample Event Title 35','Lorem Ipsum is simply dummy text of the printing and typesetting industry. Lorem Ipsum has been the industry''s standard dummy text ever since the 1500s, when an unknown printer took a galley of type and scrambled it to make a type specimen book. It has survived not only five centuries, but also the leap into electronic typesetting, remaining essentially unchanged. It was popularised in the 1960s with the release of Letraset sheets containing Lorem Ipsum passages, and more recently with desktop publishing software like Aldus PageMaker including versions of Lorem Ipsum.','Sample Event Tagline 35','Sample event location 35','GLA',{ts '2014-05-01 15:47:00.0'},'2',1,61,{ts '2014-04-06 07:49:20.150000'},1,{ts '2014-04-06 07:49:20.150000'},1,'Sample event remarks 35');
INSERT INTO "ESSUSER"."EVENT" (ID,TITLE,DESCRIPTION,TAGLINE,LOCATION,CITY,STARTDATE,PRICE,USERID,IMAGEID,CREATEDATE,CREATEDBY,LASTMODIFIED,MODIFIEDBY,REMARKS) VALUES (47,'Sample Event Title 36','Lorem Ipsum is simply dummy text of the printing and typesetting industry. Lorem Ipsum has been the industry''s standard dummy text ever since the 1500s, when an unknown printer took a galley of type and scrambled it to make a type specimen book. It has survived not only five centuries, but also the leap into electronic typesetting, remaining essentially unchanged. It was popularised in the 1960s with the release of Letraset sheets containing Lorem Ipsum passages, and more recently with desktop publishing software like Aldus PageMaker including versions of Lorem Ipsum.','Sample Event Tagline 36','Sample event location 36','GLA',{ts '2014-07-15 07:47:00.0'},'4',1,62,{ts '2014-04-06 07:49:42.417000'},1,{ts '2014-04-06 07:49:42.417000'},1,'Sample event remarks 36');
INSERT INTO "ESSUSER"."EVENT" (ID,TITLE,DESCRIPTION,TAGLINE,LOCATION,CITY,STARTDATE,PRICE,USERID,IMAGEID,CREATEDATE,CREATEDBY,LASTMODIFIED,MODIFIEDBY,REMARKS) VALUES (48,'Sample Event Title 37','Lorem Ipsum is simply dummy text of the printing and typesetting industry. Lorem Ipsum has been the industry''s standard dummy text ever since the 1500s, when an unknown printer took a galley of type and scrambled it to make a type specimen book. It has survived not only five centuries, but also the leap into electronic typesetting, remaining essentially unchanged. It was popularised in the 1960s with the release of Letraset sheets containing Lorem Ipsum passages, and more recently with desktop publishing software like Aldus PageMaker including versions of Lorem Ipsum.','Sample Event Tagline 37','Sample event location 37','GLA',{ts '2014-07-15 07:47:00.0'},'41',1,63,{ts '2014-04-06 07:50:00.260000'},1,{ts '2014-04-06 07:50:00.260000'},1,'Sample event remarks 37');
INSERT INTO "ESSUSER"."EVENT" (ID,TITLE,DESCRIPTION,TAGLINE,LOCATION,CITY,STARTDATE,PRICE,USERID,IMAGEID,CREATEDATE,CREATEDBY,LASTMODIFIED,MODIFIEDBY,REMARKS) VALUES (49,'Sample Event Title 38','Lorem Ipsum is simply dummy text of the printing and typesetting industry. Lorem Ipsum has been the industry''s standard dummy text ever since the 1500s, when an unknown printer took a galley of type and scrambled it to make a type specimen book. It has survived not only five centuries, but also the leap into electronic typesetting, remaining essentially unchanged. It was popularised in the 1960s with the release of Letraset sheets containing Lorem Ipsum passages, and more recently with desktop publishing software like Aldus PageMaker including versions of Lorem Ipsum.','Sample Event Tagline 38','Sample event location 38','GLA',{ts '2014-07-15 07:47:00.0'},'76',1,64,{ts '2014-04-06 07:50:17.219000'},1,{ts '2014-04-06 07:50:17.219000'},1,'Sample event remarks 38');
INSERT INTO "ESSUSER"."EVENT" (ID,TITLE,DESCRIPTION,TAGLINE,LOCATION,CITY,STARTDATE,PRICE,USERID,IMAGEID,CREATEDATE,CREATEDBY,LASTMODIFIED,MODIFIEDBY,REMARKS) VALUES (50,'Sample Event Title 39','Lorem Ipsum is simply dummy text of the printing and typesetting industry. Lorem Ipsum has been the industry''s standard dummy text ever since the 1500s, when an unknown printer took a galley of type and scrambled it to make a type specimen book. It has survived not only five centuries, but also the leap into electronic typesetting, remaining essentially unchanged. It was popularised in the 1960s with the release of Letraset sheets containing Lorem Ipsum passages, and more recently with desktop publishing software like Aldus PageMaker including versions of Lorem Ipsum.','Sample Event Tagline 39','Sample event location 39','GLA',{ts '2014-08-16 07:47:00.0'},'7',1,65,{ts '2014-04-06 07:50:39.338000'},1,{ts '2014-04-06 07:50:39.338000'},1,'Sample event remarks 39');
INSERT INTO "ESSUSER"."EVENT" (ID,TITLE,DESCRIPTION,TAGLINE,LOCATION,CITY,STARTDATE,PRICE,USERID,IMAGEID,CREATEDATE,CREATEDBY,LASTMODIFIED,MODIFIEDBY,REMARKS) VALUES (51,'Sample Event Title 40','Lorem Ipsum is simply dummy text of the printing and typesetting industry. Lorem Ipsum has been the industry''s standard dummy text ever since the 1500s, when an unknown printer took a galley of type and scrambled it to make a type specimen book. It has survived not only five centuries, but also the leap into electronic typesetting, remaining essentially unchanged. It was popularised in the 1960s with the release of Letraset sheets containing Lorem Ipsum passages, and more recently with desktop publishing software like Aldus PageMaker including versions of Lorem Ipsum.','Sample Event Tagline 40','Sample event location 40','GLA',{ts '2014-09-22 13:47:00.0'},'9',1,66,{ts '2014-04-06 07:51:03.958000'},1,{ts '2014-04-06 07:51:03.958000'},1,'Sample event remarks 40');
INSERT INTO "ESSUSER"."EVENT" (ID,TITLE,DESCRIPTION,TAGLINE,LOCATION,CITY,STARTDATE,PRICE,USERID,IMAGEID,CREATEDATE,CREATEDBY,LASTMODIFIED,MODIFIEDBY,REMARKS) VALUES (52,'Sample Event Title 42','Lorem Ipsum is simply dummy text of the printing and typesetting industry. Lorem Ipsum has been the industry''s standard dummy text ever since the 1500s, when an unknown printer took a galley of type and scrambled it to make a type specimen book. It has survived not only five centuries, but also the leap into electronic typesetting, remaining essentially unchanged. It was popularised in the 1960s with the release of Letraset sheets containing Lorem Ipsum passages, and more recently with desktop publishing software like Aldus PageMaker including versions of Lorem Ipsum.','Sample Event Tagline 42','Sample event location 42','MAN',{ts '2014-04-10 11:56:00.0'},'432',1,67,{ts '2014-04-06 07:57:24.910000'},1,{ts '2014-04-06 07:57:24.910000'},1,'Sample event remarks 42');
INSERT INTO "ESSUSER"."EVENT" (ID,TITLE,DESCRIPTION,TAGLINE,LOCATION,CITY,STARTDATE,PRICE,USERID,IMAGEID,CREATEDATE,CREATEDBY,LASTMODIFIED,MODIFIEDBY,REMARKS) VALUES (53,'Sample Event Title 43','Lorem Ipsum is simply dummy text of the printing and typesetting industry. Lorem Ipsum has been the industry''s standard dummy text ever since the 1500s, when an unknown printer took a galley of type and scrambled it to make a type specimen book. It has survived not only five centuries, but also the leap into electronic typesetting, remaining essentially unchanged. It was popularised in the 1960s with the release of Letraset sheets containing Lorem Ipsum passages, and more recently with desktop publishing software like Aldus PageMaker including versions of Lorem Ipsum.','Sample Event Tagline 43','Sample event location 43','MAN',{ts '2014-05-29 05:56:00.0'},'43',1,68,{ts '2014-04-06 07:58:26.329000'},1,{ts '2014-04-06 07:58:26.329000'},1,'Sample event remarks 43');
INSERT INTO "ESSUSER"."EVENT" (ID,TITLE,DESCRIPTION,TAGLINE,LOCATION,CITY,STARTDATE,PRICE,USERID,IMAGEID,CREATEDATE,CREATEDBY,LASTMODIFIED,MODIFIEDBY,REMARKS) VALUES (54,'Sample Event Title 44','Lorem Ipsum is simply dummy text of the printing and typesetting industry. Lorem Ipsum has been the industry''s standard dummy text ever since the 1500s, when an unknown printer took a galley of type and scrambled it to make a type specimen book. It has survived not only five centuries, but also the leap into electronic typesetting, remaining essentially unchanged. It was popularised in the 1960s with the release of Letraset sheets containing Lorem Ipsum passages, and more recently with desktop publishing software like Aldus PageMaker including versions of Lorem Ipsum.','Sample Event Tagline 44','Sample event location 44','MAN',{ts '2014-04-27 00:59:00.0'},'6',1,69,{ts '2014-04-06 08:00:04.424000'},1,{ts '2014-04-06 08:00:04.424000'},1,'Sample event remarks 44');
INSERT INTO "ESSUSER"."EVENT" (ID,TITLE,DESCRIPTION,TAGLINE,LOCATION,CITY,STARTDATE,PRICE,USERID,IMAGEID,CREATEDATE,CREATEDBY,LASTMODIFIED,MODIFIEDBY,REMARKS) VALUES (55,'Sample Test event','Sample description ........................','Sample test event tagline','sample location','LON',{ts '2014-04-23 20:46:00.0'},'34 GBP',1,76,{ts '2014-04-07 19:47:40.266000'},1,{ts '2014-04-07 19:47:40.266000'},1,'sample remarks');
INSERT INTO "ESSUSER"."EVENT" (ID,TITLE,DESCRIPTION,TAGLINE,LOCATION,CITY,STARTDATE,PRICE,USERID,IMAGEID,CREATEDATE,CREATEDBY,LASTMODIFIED,MODIFIEDBY,REMARKS) VALUES (56,'Sample Test event','Lorem Ipsum is simply dummy text of the printing and typesetting industry. Lorem Ipsum has been the industry''s standard dummy text ever since the 1500s, when an unknown printer took a galley of type and scrambled it to make a type specimen book. It has survived not only five centuries, but also the leap into electronic typesetting, remaining essentially unchanged. It was popularised in the 1960s with the release of Letraset sheets containing Lorem Ipsum passages, and more recently with desktop publishing software like Aldus PageMaker including versions of Lorem Ipsum.','Sample test event tagline','sample location','BRI',{ts '2014-04-30 21:02:00.0'},'23 GBP',1,77,{ts '2014-04-07 20:03:23.880000'},1,{ts '2014-04-07 20:03:23.880000'},1,'Free food and coffee!');
INSERT INTO "ESSUSER"."EVENT" (ID,TITLE,DESCRIPTION,TAGLINE,LOCATION,CITY,STARTDATE,PRICE,USERID,IMAGEID,CREATEDATE,CREATEDBY,LASTMODIFIED,MODIFIEDBY,REMARKS) VALUES (57,'Sample Test event','Lorem Ipsum is simply dummy text of the printing and typesetting industry. Lorem Ipsum has been the industry''s standard dummy text ever since the 1500s, when an unknown printer took a galley of type and scrambled it to make a type specimen book. It has survived not only five centuries, but also the leap into electronic typesetting, remaining essentially unchanged. It was popularised in the 1960s with the release of Letraset sheets containing Lorem Ipsum passages, and more recently with desktop publishing software like Aldus PageMaker including versions of Lorem Ipsum.','Sample test event tagline','sample location','BRI',{ts '2014-04-22 22:21:00.0'},'23',6,81,{ts '2014-04-07 21:21:46.758000'},6,{ts '2014-04-07 21:31:19.704000'},6,'sample remarks');
